"label"	"tax"
"tax1"	"Streptomycetaceae"
"tax2"	"Streptomyces"
"tax3"	"Nitrobacteraceae"
"tax4"	"Sphingomonadaceae"
"tax5"	"Bradyrhizobium"
"tax6"	"Pseudomonadaceae"
"tax7"	"Pseudomonas"
"tax8"	"Microbacteriaceae"
"tax9"	"Burkholderiaceae"
"tax10"	"Micromonosporaceae"
"tax11"	"Mycobacteriaceae"
"tax12"	"Sphingomonas"
"tax13"	"Xanthomonadaceae"
"tax14"	"Pseudonocardiaceae"
"tax15"	"Comamonadaceae"
"tax16"	"Nocardioidaceae"
"tax17"	"Nocardioides"
"tax18"	"Rhizobiaceae"
"tax19"	"Phyllobacteriaceae"
"tax20"	"Micromonospora"
"tax21"	"Mycobacterium"
"tax22"	"Mycolicibacterium"
"tax23"	"Nocardiaceae"
"tax24"	"Oxalobacteraceae"
"tax25"	"Mesorhizobium"
"tax26"	"Caulobacteraceae"
"tax27"	"Microbacterium"
"tax28"	"Methylobacteriaceae"
"tax29"	"Burkholderia"
"tax30"	"Micrococcaceae"
"tax31"	"Lysobacter"
"tax32"	"Amycolatopsis"
"tax33"	"Paracoccaceae"
"tax34"	"Variovorax"
"tax35"	"Alcaligenaceae"
"tax36"	"Erythrobacteraceae"
"tax37"	"Rhizobium"
"tax38"	"Flavobacteriaceae"
"tax39"	"Luteitalea"
"tax40"	"Vicinamibacteraceae"
"tax41"	"Cellulomonadaceae"
"tax42"	"Rhodanobacteraceae"
"tax43"	"Methylobacterium"
"tax44"	"Paraburkholderia"
"tax45"	"Roseobacteraceae"
"tax46"	"Polyangiaceae"
"tax47"	"Sphaerotilaceae"
"tax48"	"Cupriavidus"
"tax49"	"Rhodococcus"
"tax50"	"Acidobacteriaceae"
"tax51"	"Pseudonocardia"
"tax52"	"Gemmataceae"
"tax53"	"Conexibacter"
"tax54"	"Conexibacteraceae"
"tax55"	"Cellulomonas"
"tax56"	"Acetobacteraceae"
"tax57"	"Iamiaceae"
"tax58"	"Azospirillaceae"
"tax59"	"Nocardia"
"tax60"	"Chitinophagaceae"
"tax61"	"Gemmatimonadaceae"
"tax62"	"Xanthobacteraceae"
"tax63"	"Actinoplanes"
"tax64"	"Arthrobacter"
"tax65"	"Halomonadaceae"
"tax66"	"Massilia"
"tax67"	"Propionibacteriaceae"
"tax68"	"Corynebacteriaceae"
"tax69"	"Corynebacterium"
"tax70"	"Xanthomonas"
"tax71"	"Rubrobacter"
"tax72"	"Rubrobacteraceae"
"tax73"	"Hyphomicrobiaceae"
"tax74"	"Devosiaceae"
"tax75"	"Sorangium"
"tax76"	"Sphingopyxis"
"tax77"	"Enterobacteriaceae"
"tax78"	"Caulobacter"
"tax79"	"Streptosporangiaceae"
"tax80"	"Paenibacillaceae"
"tax81"	"Zoogloeaceae"
"tax82"	"Geodermatophilaceae"
"tax83"	"Streptococcaceae"
"tax84"	"Stenotrophomonas"
"tax85"	"Sphingobium"
"tax86"	"Streptococcus"
"tax87"	"Halomonas"
"tax88"	"Thermomonosporaceae"
"tax89"	"Brevundimonas"
"tax90"	"Planctomycetaceae"
"tax91"	"Sphingobacteriaceae"
"tax92"	"Myxococcaceae"
"tax93"	"Azospirillum"
"tax94"	"Gemmatirosa"
"tax95"	"Baekduia"
"tax96"	"Baekduiaceae"
"tax97"	"Gordoniaceae"
"tax98"	"Devosia"
"tax99"	"Thiobacillaceae"
"tax100"	"Gordonia"
"tax101"	"Paracoccus"
"tax102"	"Agromyces"
"tax103"	"Bosea"
"tax104"	"Boseaceae"
"tax105"	"Opitutaceae"
"tax106"	"Curtobacterium"
"tax107"	"Achromobacter"
"tax108"	"Actinomadura"
"tax109"	"Isosphaeraceae"
"tax110"	"Flavobacterium"
"tax111"	"Hymenobacteraceae"
"tax112"	"Paenibacillus"
"tax113"	"Thiobacillus"
"tax114"	"Usitatibacter"
"tax115"	"Usitatibacteraceae"
"tax116"	"Anaeromyxobacter"
"tax117"	"Anaeromyxobacteraceae"
"tax118"	"Dactylosporangium"
"tax119"	"Actinomycetaceae"
"tax120"	"Bordetella"
"tax121"	"Hydrogenophaga"
"tax122"	"Archangiaceae"
"tax123"	"Novosphingobium"
"tax124"	"Pirellulaceae"
"tax125"	"Rhodospirillaceae"
"tax126"	"Intrasporangiaceae"
"tax127"	"Ectothiorhodospiraceae"
"tax128"	"Nonomuraea"
"tax129"	"Pseudoxanthomonas"
"tax130"	"Nocardiopsaceae"
"tax131"	"Capillimicrobiaceae"
"tax132"	"Capillimicrobium"
"tax133"	"Sinorhizobium"
"tax134"	"Bacillaceae"
"tax135"	"Haloarculaceae"
"tax136"	"Methylocystaceae"
"tax137"	"Microvirga"
"tax138"	"Rhodoplanes"
"tax139"	"Rhodopseudomonas"
"tax140"	"Luteimonas"
"tax141"	"Haloferacaceae"
"tax142"	"Hymenobacter"
"tax143"	"Promicromonosporaceae"
"tax144"	"Methylococcaceae"
"tax145"	"Acidiferrobacteraceae"
"tax146"	"Rhodanobacter"
"tax147"	"Aeromicrobium"
"tax148"	"Aurantimonadaceae"
"tax149"	"Iamia"
"tax150"	"Deinococcaceae"
"tax151"	"Deinococcus"
"tax152"	"Sphingosinicellaceae"
"tax153"	"Phenylobacterium"
"tax154"	"Lacipirellulaceae"
"tax155"	"Geobacteraceae"
"tax156"	"Natrialbaceae"
"tax157"	"Enhydrobacter"
"tax158"	"Frankiaceae"
"tax159"	"Caballeronia"
"tax160"	"Saccharopolyspora"
"tax161"	"Roseomonas"
"tax162"	"Gemmata"
"tax163"	"Kitasatospora"
"tax164"	"Ramlibacter"
"tax165"	"Sandaracinaceae"
"tax166"	"Sandaracinus"
"tax167"	"Ornithinimicrobiaceae"
"tax168"	"Desulfovibrionaceae"
"tax169"	"Chromatiaceae"
"tax170"	"Erythrobacter"
"tax171"	"Kribbella"
"tax172"	"Kribbellaceae"
"tax173"	"Dermabacteraceae"
"tax174"	"Chromobacteriaceae"
"tax175"	"Rhodocyclaceae"
"tax176"	"Comamonas"
"tax177"	"Miltoncostaea"
"tax178"	"Miltoncostaeaceae"
"tax179"	"Gemmatimonas"
"tax180"	"Actinomyces"
"tax181"	"Aeromonadaceae"
"tax182"	"Pseudolabrys"
"tax183"	"Mucilaginibacter"
"tax184"	"Brachybacterium"
"tax185"	"Blastococcus"
"tax186"	"Yersiniaceae"
"tax187"	"Pseudoduganella"
"tax188"	"Pandoraea"
"tax189"	"Ralstonia"
"tax190"	"Thauera"
"tax191"	"Rhodoferax"
"tax192"	"Thermomonas"
"tax193"	"Methylocystis"
"tax194"	"Sphingosinicella"
"tax195"	"Agrobacterium"
"tax196"	"Aeromonas"
"tax197"	"Verrucomicrobiaceae"
"tax198"	"Archangium"
"tax199"	"Kutzneria"
"tax200"	"Urbifossiella"
"tax201"	"Acidovorax"
"tax202"	"Humisphaera"
"tax203"	"Tepidisphaeraceae"
"tax204"	"Paraconexibacter"
"tax205"	"Paraconexibacteraceae"
"tax206"	"Brevibacteriaceae"
"tax207"	"Brevibacterium"
"tax208"	"Opitutus"
"tax209"	"Myxococcus"
"tax210"	"Sterolibacteriaceae"
"tax211"	"Stappiaceae"
"tax212"	"Phytohabitans"
"tax213"	"Saccharothrix"
"tax214"	"Dyella"
"tax215"	"Rathayibacter"
"tax216"	"Microlunatus"
"tax217"	"Azoarcus"
"tax218"	"Janthinobacterium"
"tax219"	"Qipengyuania"
"tax220"	"Skermanella"
"tax221"	"Nocardiopsis"
"tax222"	"Jiangella"
"tax223"	"Jiangellaceae"
"tax224"	"Nitrospiraceae"
"tax225"	"Weeksellaceae"
"tax226"	"Herbaspirillum"
"tax227"	"Agrococcus"
"tax228"	"Modestobacter"
"tax229"	"Granulicella"
"tax230"	"Nitrospira"
"tax231"	"Ornithinimicrobium"
"tax232"	"Corallococcus"
"tax233"	"Erwiniaceae"
"tax234"	"Synechococcaceae"
"tax235"	"Chitinibacteraceae"
"tax236"	"Synechococcus"
"tax237"	"Rhizobacter"
"tax238"	"Bifidobacteriaceae"
"tax239"	"Sulfuricaulis"
"tax240"	"Streptosporangium"
"tax241"	"Stutzerimonas"
"tax242"	"Bifidobacterium"
"tax243"	"Nevskiaceae"
"tax244"	"Frankia"
"tax245"	"Luteibacter"
"tax246"	"Cytophagaceae"
"tax247"	"Vibrionaceae"
"tax248"	"Methylorubrum"
"tax249"	"Polyangium"
"tax250"	"Leucobacter"
"tax251"	"Phreatobacter"
"tax252"	"Phreatobacteraceae"
"tax253"	"Shinella"
"tax254"	"Rhizorhabdus"
"tax255"	"Neisseriaceae"
"tax256"	"Actinomarinicola"
"tax257"	"Nannocystaceae"
"tax258"	"Nannocystis"
"tax259"	"Pseudarthrobacter"
"tax260"	"Ancylobacter"
"tax261"	"Chromobacterium"
"tax262"	"Caldimonas"
"tax263"	"Aquihabitans"
"tax264"	"Janibacter"
"tax265"	"Tessaracoccus"
"tax266"	"Piscinibacter"
"tax267"	"Thioalkalivibrio"
"tax268"	"Azonexaceae"
"tax269"	"Frigoriglobus"
"tax270"	"Aureimonas"
"tax271"	"Planctomyces"
"tax272"	"Hyphomicrobium"
"tax273"	"Hypericibacter"
"tax274"	"Clavibacter"
"tax275"	"Lentzea"
"tax276"	"Polaromonas"
"tax277"	"Pedobacter"
"tax278"	"Mycolicibacter"
"tax279"	"Leifsonia"
"tax280"	"Sulfuricellaceae"
"tax281"	"Cellulosimicrobium"
"tax282"	"Spirosomataceae"
"tax283"	"Kocuria"
"tax284"	"Serratia"
"tax285"	"Saccharomonospora"
"tax286"	"Dermacoccaceae"
"tax287"	"Lacipirellula"
"tax288"	"Labilithrix"
"tax289"	"Labilitrichaceae"
"tax290"	"Dermatobacter"
"tax291"	"Haliangium"
"tax292"	"Kofleriaceae"
"tax293"	"Bogoriellaceae"
"tax294"	"Georgenia"
"tax295"	"Geodermatophilus"
"tax296"	"Edaphobacter"
"tax297"	"Solwaraspora"
"tax298"	"Terriglobus"
"tax299"	"Marinobacter"
"tax300"	"Marinobacteraceae"
"tax301"	"Aquisphaera"
"tax302"	"Chitinophaga"
"tax303"	"Thermoleophilaceae"
"tax304"	"Thermoleophilum"
"tax305"	"Tautonia"
"tax306"	"Altererythrobacter"
"tax307"	"Eggerthellaceae"
"tax308"	"Parvibaculaceae"
"tax309"	"Plantactinospora"
"tax310"	"Geothrix"
"tax311"	"Holophagaceae"
"tax312"	"Microcella"
"tax313"	"Thermaceae"
"tax314"	"Chryseobacterium"
"tax315"	"Oscillospiraceae"
"tax316"	"Vibrio"
"tax317"	"Immundisolibacter"
"tax318"	"Immundisolibacteraceae"
"tax319"	"Beijerinckiaceae"
"tax320"	"Sulfitobacter"
"tax321"	"Microbulbifer"
"tax322"	"Microbulbiferaceae"
"tax323"	"Tsukamurella"
"tax324"	"Tsukamurellaceae"
"tax325"	"Sulfurifustis"
"tax326"	"Xanthobacter"
"tax327"	"Solimonas"
"tax328"	"Diaphorobacter"
"tax329"	"Ruaniaceae"
"tax330"	"Limnoglobus"
"tax331"	"Aromatoleum"
"tax332"	"Bryobacteraceae"
"tax333"	"Paludibaculum"
"tax334"	"Ensifer"
"tax335"	"Gallionellaceae"
"tax336"	"Actinocatenispora"
"tax337"	"Tardiphaga"
"tax338"	"Cryobacterium"
"tax339"	"Afipia"
"tax340"	"Enterobacter"
"tax341"	"Nakamurella"
"tax342"	"Nakamurellaceae"
"tax343"	"Rhodothermaceae"
"tax344"	"Pantoea"
"tax345"	"Spirosoma"
"tax346"	"Pectobacteriaceae"
"tax347"	"Desulfuromonadaceae"
"tax348"	"Halobaculum"
"tax349"	"Starkeya"
"tax350"	"Dietzia"
"tax351"	"Dietziaceae"
"tax352"	"Leptolyngbyaceae"
"tax353"	"Allosphingosinicella"
"tax354"	"Magnetospirillum"
"tax355"	"Thermomonospora"
"tax356"	"Geobacter"
"tax357"	"Azospira"
"tax358"	"Occallatibacter"
"tax359"	"Delftia"
"tax360"	"Geomonas"
"tax361"	"Catellatospora"
"tax362"	"Roseovarius"
"tax363"	"Aquabacterium"
"tax364"	"Methylomonas"
"tax365"	"Serinicoccus"
"tax366"	"Jatrophihabitans"
"tax367"	"Jatrophihabitantaceae"
"tax368"	"Bacillus"
"tax369"	"Pseudorhodoplanes"
"tax370"	"Sphaerotilus"
"tax371"	"Luteolibacter"
"tax372"	"Sulfuriferula"
"tax373"	"Isoptericola"
"tax374"	"Klebsiella"
"tax375"	"Methylococcus"
"tax376"	"Gimesia"
"tax377"	"Moraxellaceae"
"tax378"	"Desulfuromonas"
"tax379"	"Nordella"
"tax380"	"Shewanellaceae"
"tax381"	"Blastochloridaceae"
"tax382"	"Blastochloris"
"tax383"	"Shewanella"
"tax384"	"Aquibium"
"tax385"	"Alicyclobacillaceae"
"tax386"	"Pimelobacter"
"tax387"	"Chelatococcaceae"
"tax388"	"Chelatococcus"
"tax389"	"Paludisphaera"
"tax390"	"Chondromyces"
"tax391"	"Stella"
"tax392"	"Stellaceae"
"tax393"	"Nitrosomonadaceae"
"tax394"	"Lacunisphaera"
"tax395"	"Tsuneonella"
"tax396"	"Phyllobacterium"
"tax397"	"Xylanimonas"
"tax398"	"Mycobacteroides"
"tax399"	"Brucellaceae"
"tax400"	"Porphyrobacter"
"tax401"	"Leptolyngbya"
"tax402"	"Paucibacter"
"tax403"	"Neorhizobium"
"tax404"	"Thiohalobacter"
"tax405"	"Acuticoccus"
"tax406"	"Amorphaceae"
"tax407"	"Pseudofrankia"
"tax408"	"Lactobacillaceae"
"tax409"	"Streptacidiphilus"
"tax410"	"Actinoalloteichus"
"tax411"	"Methylibium"
"tax412"	"Koribacter"
"tax413"	"Aminobacter"
"tax414"	"Martelella"
"tax415"	"Couchioplanes"
"tax416"	"Ilumatobacter"
"tax417"	"Ilumatobacteraceae"
"tax418"	"Tepidiforma"
"tax419"	"Tepidiformaceae"
"tax420"	"Rubrivivax"
"tax421"	"Marmoricola"
"tax422"	"Demequina"
"tax423"	"Demequinaceae"
"tax424"	"Pleomorphomonadaceae"
"tax425"	"Halorubrum"
"tax426"	"Dechloromonas"
"tax427"	"Alcanivoracaceae"
"tax428"	"Protaetiibacter"
"tax429"	"Pyxidicoccus"
"tax430"	"Frateuria"
"tax431"	"Brucella"
"tax432"	"Niastella"
"tax433"	"Leisingera"
"tax434"	"Alistipes"
"tax435"	"Rikenellaceae"
"tax436"	"Pseudodesulfovibrio"
"tax437"	"Arenimonas"
"tax438"	"Croceicoccus"
"tax439"	"Cellvibrionaceae"
"tax440"	"Fulvivirgaceae"
"tax441"	"Haladaptataceae"
"tax442"	"Ruania"
"tax443"	"Halopseudomonas"
"tax444"	"Phycicoccus"
"tax445"	"Collimonas"
"tax446"	"Phycisphaeraceae"
"tax447"	"Escherichia"
"tax448"	"Hyphomonadaceae"
"tax449"	"Nitratireductor"
"tax450"	"Croceibacterium"
"tax451"	"Roseateles"
"tax452"	"Nitrobacter"
"tax453"	"Paracidovorax"
"tax454"	"Thiomonas"
"tax455"	"Lachnospiraceae"
"tax456"	"Neisseria"
"tax457"	"Cyclobacteriaceae"
"tax458"	"Actinosynnema"
"tax459"	"Brevibacillus"
"tax460"	"Nitrososphaeraceae"
"tax461"	"Micrococcus"
"tax462"	"Oceanospirillaceae"
"tax463"	"Beutenbergiaceae"
"tax464"	"Singulisphaera"
"tax465"	"Halobacteriaceae"
"tax466"	"Acidobacterium"
"tax467"	"Nostocaceae"
"tax468"	"Pararhizobium"
"tax469"	"Salinibacterium"
"tax470"	"Chitinimonas"
"tax471"	"Natrinema"
"tax472"	"Sphingobacterium"
"tax473"	"Streptomonospora"
"tax474"	"Friedmanniella"
"tax475"	"Cereibacter"
"tax476"	"Sphingomicrobium"
"tax477"	"Pigmentiphaga"
"tax478"	"Kinneretia"
"tax479"	"Thermobifida"
"tax480"	"Verrucomicrobium"
"tax481"	"Spiribacter"
"tax482"	"Dyadobacter"
"tax483"	"Jannaschia"
"tax484"	"Clostridiaceae"
"tax485"	"Catenulispora"
"tax486"	"Catenulisporaceae"
"tax487"	"Pontibacter"
"tax488"	"Stappia"
"tax489"	"Acinetobacter"
"tax490"	"Chloracidobacterium"
"tax491"	"Methanosarcinaceae"
"tax492"	"Variibacter"
"tax493"	"Clostridiales"
"tax494"	"Methanomicrobiaceae"
"tax495"	"Aquincola"
"tax496"	"Rhodobacter"
"tax497"	"Thermaerobacter"
"tax498"	"Frondihabitans"
"tax499"	"Dokdonella"
"tax500"	"Rhodovastum"
"tax501"	"Methylosinus"
"tax502"	"Polymorphospora"
"tax503"	"Azotobacter"
"tax504"	"Flavisolibacter"
"tax505"	"Chlorobiaceae"
"tax506"	"Sphingosinithalassobacter"
"tax507"	"Nibricoccus"
"tax508"	"Sphingorhabdus"
"tax509"	"Bradymonadaceae"
"tax510"	"Atopobiaceae"
"tax511"	"Salipiger"
"tax512"	"Kibdelosporangium"
"tax513"	"Alloacidobacterium"
"tax514"	"Crossiella"
"tax515"	"Methanosarcina"
"tax516"	"Desulfovibrio"
"tax517"	"Bacteroidaceae"
"tax518"	"Ottowia"
"tax519"	"Symbiobacteriaceae"
"tax520"	"Silicimonas"
"tax521"	"Rhodospirillum"
"tax522"	"Propioniciclava"
"tax523"	"Panacibacter"
"tax524"	"Pirellulimonas"
"tax525"	"Alicyclobacillus"
"tax526"	"Hyphomonas"
"tax527"	"Egicoccaceae"
"tax528"	"Egicoccus"
"tax529"	"Acidithiobacillaceae"
"tax530"	"Acidithiobacillus"
"tax531"	"Yersinia"
"tax532"	"Actinokineospora"
"tax533"	"Maricaulaceae"
"tax534"	"Stigmatella"
"tax535"	"Chryseolinea"
"tax536"	"Leptothrix"
"tax537"	"Aurantiacibacter"
"tax538"	"Sphaerobacter"
"tax539"	"Sphaerobacteraceae"
"tax540"	"Kaustia"
"tax541"	"Cystobacter"
"tax542"	"Methylophilaceae"
"tax543"	"Rhodocaloribacter"
"tax544"	"Horticoccus"
"tax545"	"Thermus"
"tax546"	"Legionellaceae"
"tax547"	"Ferruginibacter"
"tax548"	"Halorussus"
"tax549"	"Mariniflexile"
"tax550"	"Chenggangzhangella"
"tax551"	"Actinopolymorpha"
"tax552"	"Actinopolymorphaceae"
"tax553"	"Stieleria"
"tax554"	"Nitrosospira"
"tax555"	"Nitrogeniibacter"
"tax556"	"Prescottella"
"tax557"	"Flavihumibacter"
"tax558"	"Alteromonadaceae"
"tax559"	"Acidihalobacter"
"tax560"	"Euzebya"
"tax561"	"Euzebyaceae"
"tax562"	"Acidipropionibacterium"
"tax563"	"Caulifigura"
"tax564"	"Nostoc"
"tax565"	"Legionella"
"tax566"	"Botrimarina"
"tax567"	"Pelagibacterium"
"tax568"	"Thiocapsa"
"tax569"	"Polynucleobacter"
"tax570"	"Kaistia"
"tax571"	"Kaistiaceae"
"tax572"	"Polymorphobacter"
"tax573"	"Lacibacter"
"tax574"	"Komagataeibacter"
"tax575"	"Gloeobacteraceae"
"tax576"	"Sulfuricystis"
"tax577"	"Allokutzneria"
"tax578"	"Sanguibacter"
"tax579"	"Sanguibacteraceae"
"tax580"	"Rugamonas"
"tax581"	"Schaalia"
"tax582"	"Mitsuaria"
"tax583"	"Yinghuangia"
"tax584"	"Halomicroarcula"
"tax585"	"Bacteroides"
"tax586"	"Actinotalea"
"tax587"	"Thalassospiraceae"
"tax588"	"Rhodothermus"
"tax589"	"Methylocella"
"tax590"	"Glutamicibacter"
"tax591"	"Propionibacterium"
"tax592"	"Fusarium"
"tax593"	"Nectriaceae"
"tax594"	"Methyloceanibacter"
"tax595"	"Rosistilla"
"tax596"	"Alicycliphilus"
"tax597"	"Fontisphaera"
"tax598"	"Fontisphaeraceae"
"tax599"	"Egibacter"
"tax600"	"Egibacteraceae"
"tax601"	"Anatilimnocola"
"tax602"	"Maioricimonas"
"tax603"	"Alloactinosynnema"
"tax604"	"Citrobacter"
"tax605"	"Eleftheria"
"tax606"	"Sinomonas"
"tax607"	"Citricoccus"
"tax608"	"Pleomorphomonas"
"tax609"	"Roseivivax"
"tax610"	"Herbiconiux"
"tax611"	"Lignipirellula"
"tax612"	"Roseimicrobium"
"tax613"	"Rhodovulum"
"tax614"	"Gloeobacter"
"tax615"	"Vulgatibacter"
"tax616"	"Vulgatibacteraceae"
"tax617"	"Alienimonas"
"tax618"	"Parasphingopyxis"
"tax619"	"Clostridium"
"tax620"	"Paraoerskovia"
"tax621"	"Paraflavitalea"
"tax622"	"Selenomonadaceae"
"tax623"	"Frigoribacterium"
"tax624"	"Denitratisoma"
"tax625"	"Planococcaceae"
"tax626"	"Thermobispora"
"tax627"	"Dickeya"
"tax628"	"Bremerella"
"tax629"	"Asticcacaulis"
"tax630"	"Phycisphaera"
"tax631"	"Glycomycetaceae"
"tax632"	"Halieaceae"
"tax633"	"Pengzhenrongella"
"tax634"	"Acidiphilium"
"tax635"	"Persicimonas"
"tax636"	"Prevotellaceae"
"tax637"	"Ferribacterium"
"tax638"	"Steroidobacter"
"tax639"	"Steroidobacteraceae"
"tax640"	"Parvibaculum"
"tax641"	"Natronosporangium"
"tax642"	"Roseibium"
"tax643"	"Wenzhouxiangella"
"tax644"	"Wenzhouxiangellaceae"
"tax645"	"Ruegeria"
"tax646"	"Tahibacter"
"tax647"	"Selenomonas"
"tax648"	"Halosimplex"
"tax649"	"Acidisarcina"
"tax650"	"Melittangium"
"tax651"	"Rhodomicrobium"
"tax652"	"Pseudoroseomonas"
"tax653"	"Arachidicoccus"
"tax654"	"Melaminivora"
"tax655"	"Aquaspirillaceae"
"tax656"	"Intrasporangium"
"tax657"	"Beutenbergia"
"tax658"	"Telluria"
"tax659"	"Geminicoccaceae"
"tax660"	"Tistrella"
"tax661"	"Aurantimonas"
"tax662"	"Microterricola"
"tax663"	"Methylovirgula"
"tax664"	"Halobacterium"
"tax665"	"Tomitella"
"tax666"	"Paenarthrobacter"
"tax667"	"Niabella"
"tax668"	"Nitrospirillum"
"tax669"	"Alcanivorax"
"tax670"	"Promineifilum"
"tax671"	"Nitrososphaera"
"tax672"	"Jeongeupia"
"tax673"	"Blastomonas"
"tax674"	"Labrys"
"tax675"	"Solidesulfovibrio"
"tax676"	"Allochromatium"
"tax677"	"Thiodictyon"
"tax678"	"Pedococcus"
"tax679"	"Cutibacterium"
"tax680"	"Elioraea"
"tax681"	"Elioraeaceae"
"tax682"	"Plantibacter"
"tax683"	"Actinacidiphila"
"tax684"	"Salinicola"
"tax685"	"Cellvibrio"
"tax686"	"Phaeobacter"
"tax687"	"Desulfosarcina"
"tax688"	"Desulfosarcinaceae"
"tax689"	"Xylophilus"
"tax690"	"Pseudolysobacter"
"tax691"	"Morganellaceae"
"tax692"	"Pseudoalteromonadaceae"
"tax693"	"Rothia"
"tax694"	"Auraticoccus"
"tax695"	"Occultella"
"tax696"	"Solicola"
"tax697"	"Haloplanus"
"tax698"	"Natronomonas"
"tax699"	"Sulfuritalea"
"tax700"	"Protofrankia"
"tax701"	"Stackebrandtia"
"tax702"	"Halovivax"
"tax703"	"Mycolicibacillus"
"tax704"	"Pusillimonas"
"tax705"	"Roseococcus"
"tax706"	"Methanofollis"
"tax707"	"Desulfobulbaceae"
"tax708"	"Dermacoccus"
"tax709"	"Kineococcus"
"tax710"	"Kineosporiaceae"
"tax711"	"Prochlorococcaceae"
"tax712"	"Paludibacterium"
"tax713"	"Chaetomiaceae"
"tax714"	"Breoghania"
"tax715"	"Breoghaniaceae"
"tax716"	"Azorhizobium"
"tax717"	"Roseiflexaceae"
"tax718"	"Roseiflexus"
"tax719"	"Pseudoalteromonas"
"tax720"	"Jiella"
"tax721"	"Chelativorans"
"tax722"	"Erwinia"
"tax723"	"Serpentinimonas"
"tax724"	"Prevotella"
"tax725"	"Celeribacter"
"tax726"	"Acetobacter"
"tax727"	"Polymorphum"
"tax728"	"Geotalea"
"tax729"	"Ferrovibrio"
"tax730"	"Noviherbaspirillum"
"tax731"	"Mumia"
"tax732"	"Orrella"
"tax733"	"Terricaulis"
"tax734"	"Barrientosiimonas"
"tax735"	"Leptospiraceae"
"tax736"	"Streptantibioticus"
"tax737"	"Paroceanicella"
"tax738"	"Aerosticca"
"tax739"	"Halomicrobium"
"tax740"	"Pasteurellaceae"
"tax741"	"Nitrosomonas"
"tax742"	"Lichenihabitans"
"tax743"	"Lichenihabitantaceae"
"tax744"	"Hartmannibacter"
"tax745"	"Peterkaempfera"
"tax746"	"Parazoarcus"
"tax747"	"Staphylococcaceae"
"tax748"	"Caldinitratiruptor"
"tax749"	"Pirellula"
"tax750"	"Luteimicrobium"
"tax751"	"Ereboglobus"
"tax752"	"Aquabacter"
"tax753"	"Acidibrevibacterium"
"tax754"	"Sideroxydans"
"tax755"	"Trueperella"
"tax756"	"Eggerthella"
"tax757"	"Cobetia"
"tax758"	"Sulfuritortus"
"tax759"	"Geobacillus"
"tax760"	"Pseudooceanicola"
"tax761"	"Pannonibacter"
"tax762"	"Thioflavicoccus"
"tax763"	"Nitrosocosmicus"
"tax764"	"Sulfurivermis"
"tax765"	"Thioalkalispiraceae"
"tax766"	"Pectobacterium"
"tax767"	"Pseudazoarcus"
"tax768"	"Salinibacter"
"tax769"	"Salinibacteraceae"
"tax770"	"Polaribacter"
"tax771"	"Catalimonadaceae"
"tax772"	"Tetrasphaera"
"tax773"	"Roseimaritima"
"tax774"	"Ideonella"
"tax775"	"Sutterellaceae"
"tax776"	"Faecalibacterium"
"tax777"	"Piscirickettsiaceae"
"tax778"	"Indioceanicola"
"tax779"	"Halomarina"
"tax780"	"Ophiocordycipitaceae"
"tax781"	"Sediminicoccus"
"tax782"	"Pseudobacter"
"tax783"	"Capsulimonadaceae"
"tax784"	"Capsulimonas"
"tax785"	"Prauserella"
"tax786"	"Sulfurimicrobium"
"tax787"	"Cyanobium"
"tax788"	"Marichromatium"
"tax789"	"Nisaea"
"tax790"	"Thalassobaculaceae"
"tax791"	"Methyloversatilis"
"tax792"	"Lichenicola"
"tax793"	"Hafniaceae"
"tax794"	"Flagellatimonas"
"tax795"	"Verminephrobacter"
"tax796"	"Chlorobaculum"
"tax797"	"Parvularculaceae"
"tax798"	"Miniimonas"
"tax799"	"Methyloligella"
"tax800"	"Algoriphagus"
"tax801"	"Aspergillaceae"
"tax802"	"Arsenicicoccus"
"tax803"	"Youhaiella"
"tax804"	"Acanthopleuribacteraceae"
"tax805"	"Sulfidibacter"
"tax806"	"Citrifermentans"
"tax807"	"Mycetocola"
"tax808"	"Crenobacter"
"tax809"	"Desulfomicrobiaceae"
"tax810"	"Luteipulveratus"
"tax811"	"Acidiferrobacter"
"tax812"	"Cohnella"
"tax813"	"Haloglomus"
"tax814"	"Marinobacterium"
"tax815"	"Castellaniella"
"tax816"	"Leptospira"
"tax817"	"Niveibacterium"
"tax818"	"Duganella"
"tax819"	"Oerskovia"
"tax820"	"Labrenzia"
"tax821"	"Stakelama"
"tax822"	"Thalassospira"
"tax823"	"Alcaligenes"
"tax824"	"Cronobacter"
"tax825"	"Photobacterium"
"tax826"	"Pseudocnuella"
"tax827"	"Symmachiella"
"tax828"	"Paradevosia"
"tax829"	"Tepidimonas"
"tax830"	"Kosakonia"
"tax831"	"Roseitalea"
"tax832"	"Homoserinibacter"
"tax833"	"Colletotrichum"
"tax834"	"Glomerellaceae"
"tax835"	"Oscillatoriaceae"
"tax836"	"Defluviicoccus"
"tax837"	"Paenacidovorax"
"tax838"	"Sagittula"
"tax839"	"Anaerolineaceae"
"tax840"	"Marinicauda"
"tax841"	"Limnohabitans"
"tax842"	"Thioclava"
"tax843"	"Gulosibacter"
"tax844"	"Acidocella"
"tax845"	"Thiotrichaceae"
"tax846"	"Cnuibacter"
"tax847"	"Naasia"
"tax848"	"Neobacillus"
"tax849"	"Geoalkalibacter"
"tax850"	"Geoalkalibacteraceae"
"tax851"	"Coriobacteriaceae"
"tax852"	"Christiangramia"
"tax853"	"Allomuricauda"
"tax854"	"Subtercola"
"tax855"	"Mucisphaera"
"tax856"	"Hoeflea"
"tax857"	"Thermoanaerobacteraceae"
"tax858"	"Limnochorda"
"tax859"	"Limnochordaceae"
"tax860"	"Pseudobdellovibrionaceae"
"tax861"	"Dermatophilaceae"
"tax862"	"Pseudorhizobium"
"tax863"	"Casimicrobiaceae"
"tax864"	"Casimicrobium"
"tax865"	"Akkermansia"
"tax866"	"Akkermansiaceae"
"tax867"	"Methanoculleus"
"tax868"	"Pseudosulfitobacter"
"tax869"	"Spiractinospora"
"tax870"	"Symbiobacterium"
"tax871"	"Ectothiorhodospira"
"tax872"	"Aspergillus"
"tax873"	"Pikeienuella"
"tax874"	"Thiothrix"
"tax875"	"Frigidibacter"
"tax876"	"Caenibius"
"tax877"	"Minwuia"
"tax878"	"Minwuiaceae"
"tax879"	"Natronococcus"
"tax880"	"Arachnia"
"tax881"	"Haloferax"
"tax882"	"Micropruina"
"tax883"	"Gryllotalpicola"
"tax884"	"Pseudactinotalea"
"tax885"	"Terrihabitans"
"tax886"	"Edwardsiella"
"tax887"	"Fimbriimonadaceae"
"tax888"	"Fimbriimonas"
"tax889"	"Calothrix"
"tax890"	"Calotrichaceae"
"tax891"	"Sandaracinobacteroides"
"tax892"	"Peptococcaceae"
"tax893"	"Tannerellaceae"
"tax894"	"Oceanithermus"
"tax895"	"Halorhodospira"
"tax896"	"Pseudogulbenkiania"
"tax897"	"Vogesella"
"tax898"	"Thermoactinomycetaceae"
"tax899"	"Methanothrix"
"tax900"	"Methanotrichaceae"
"tax901"	"Sutterella"
"tax902"	"Priestia"
"tax903"	"Staphylococcus"
"tax904"	"Syntrophobacteraceae"
"tax905"	"Planococcus"
"tax906"	"Desulfolutivibrio"
"tax907"	"Allosaccharopolyspora"
"tax908"	"Epidermidibacterium"
"tax909"	"Sporichthyaceae"
"tax910"	"Tardibacter"
"tax911"	"Gluconobacter"
"tax912"	"Pyricularia"
"tax913"	"Pyriculariaceae"
"tax914"	"Fuscovulum"
"tax915"	"Methylomagnum"
"tax916"	"Gemmobacter"
"tax917"	"Aquitalea"
"tax918"	"Marisediminicola"
"tax919"	"Truepera"
"tax920"	"Trueperaceae"
"tax921"	"Echinicola"
"tax922"	"Ferrigenium"
"tax923"	"Olsenella"
"tax924"	"Hylemonella"
"tax925"	"Desulfomicrobium"
"tax926"	"Rhodopirellula"
"tax927"	"Sterolibacterium"
"tax928"	"Haladaptatus"
"tax929"	"Thiocystis"
"tax930"	"Kineobactrum"
"tax931"	"Treponemataceae"
"tax932"	"Raineyella"
"tax933"	"Colwelliaceae"
"tax934"	"Blastopirellula"
"tax935"	"Hankyongella"
"tax936"	"Haloterrigena"
"tax937"	"Pontivivens"
"tax938"	"Kytococcaceae"
"tax939"	"Kytococcus"
"tax940"	"Haloprofundus"
"tax941"	"Oryzomicrobium"
"tax942"	"Allobranchiibius"
"tax943"	"Salinispora"
"tax944"	"Catalinimonas"
"tax945"	"Salinisphaera"
"tax946"	"Salinisphaeraceae"
"tax947"	"Ciceribacter"
"tax948"	"Fulvivirga"
"tax949"	"Tumebacillus"
"tax950"	"Aquisalimonas"
"tax951"	"Natronosalvus"
"tax952"	"Methylocaldum"
"tax953"	"Allorhizobium"
"tax954"	"Aeoliella"
"tax955"	"Trichlorobacter"
"tax956"	"Treponema"
"tax957"	"Maribacter"
"tax958"	"Collinsella"
"tax959"	"Leclercia"
"tax960"	"Acidisoma"
"tax961"	"Acidimicrobiaceae"
"tax962"	"Acidimicrobium"
"tax963"	"Humibacter"
"tax964"	"Peribacillus"
"tax965"	"Methylacidimicrobium"
"tax966"	"Oricola"
"tax967"	"Alloyangia"
"tax968"	"Ferrimonadaceae"
"tax969"	"Ferrimonas"
"tax970"	"Actinopolyspora"
"tax971"	"Actinopolysporaceae"
"tax972"	"Alkalilimnicola"
"tax973"	"Winogradskyella"
"tax974"	"Thermothielavioides"
"tax975"	"Desulfobulbus"
"tax976"	"Fibrella"
"tax977"	"Cytophaga"
"tax978"	"Lautropia"
"tax979"	"Raoultella"
"tax980"	"Chitinolyticbacter"
"tax981"	"Alloalcanivorax"
"tax982"	"Guyparkeria"
"tax983"	"Thioalkalibacteraceae"
"tax984"	"Ahniella"
"tax985"	"Gluconacetobacter"
"tax986"	"Runella"
"tax987"	"Chitiniphilus"
"tax988"	"Halorientalis"
"tax989"	"Halorarius"
"tax990"	"Georhizobium"
"tax991"	"Woeseia"
"tax992"	"Woeseiaceae"
"tax993"	"Campylobacter"
"tax994"	"Campylobacteraceae"
"tax995"	"Thermoflexaceae"
"tax996"	"Thermoflexus"
"tax997"	"Capnocytophaga"
"tax998"	"Methylogaea"
"tax999"	"Isosphaera"
"tax1000"	"Pyruvatibacter"
"tax1001"	"Sedimenticolaceae"
"tax1002"	"Caldilinea"
"tax1003"	"Caldilineaceae"
"tax1004"	"Exiguobacterium"
"tax1005"	"Inhella"
"tax1006"	"Pulveribacter"
"tax1007"	"Tuwongella"
"tax1008"	"Pelagovum"
"tax1009"	"Sinimarinibacterium"
"tax1010"	"Desulfocapsaceae"
"tax1011"	"Skermania"
"tax1012"	"Syntrophotalea"
"tax1013"	"Syntrophotaleaceae"
"tax1014"	"Methylocapsa"
"tax1015"	"Sideroxyarcus"
"tax1016"	"Halapricum"
"tax1017"	"Salmonella"
"tax1018"	"Filimonas"
"tax1019"	"Methylobacter"
"tax1020"	"Bdellovibrio"
"tax1021"	"Sulfuricella"
"tax1022"	"Undibacterium"
"tax1023"	"Citromicrobium"
"tax1024"	"Halobellus"
"tax1025"	"Paralcaligenes"
"tax1026"	"Stratiformator"
"tax1027"	"Quatrionicoccus"
"tax1028"	"Flaviflexus"
"tax1029"	"Meiothermus"
"tax1030"	"Simplicispira"
"tax1031"	"Bruguierivoracaceae"
"tax1032"	"Sodalis"
"tax1033"	"Neotabrizicola"
"tax1034"	"Aequorivita"
"tax1035"	"Telmatocola"
"tax1036"	"Thermococcaceae"
"tax1037"	"Niveispirillum"
"tax1038"	"Synergistaceae"
"tax1039"	"Veillonellaceae"
"tax1040"	"Hahella"
"tax1041"	"Hahellaceae"
"tax1042"	"Halotalea"
"tax1043"	"Adhaeribacter"
"tax1044"	"Spongiibacteraceae"
"tax1045"	"Microvirgula"
"tax1046"	"Desulfarculaceae"
"tax1047"	"Desulfarculus"
"tax1048"	"Coxiellaceae"
"tax1049"	"Rufibacter"
"tax1050"	"Enterococcaceae"
"tax1051"	"Halococcaceae"
"tax1052"	"Thermobacillus"
"tax1053"	"Clavicipitaceae"
"tax1054"	"Methylomarinovum"
"tax1055"	"Methylothermaceae"
"tax1056"	"Desulfitobacteriaceae"
"tax1057"	"Viadribacter"
"tax1058"	"Oscillatoria"
"tax1059"	"Methylomicrobium"
"tax1060"	"Tenacibaculum"
"tax1061"	"Novosphingopyxis"
"tax1062"	"Aphanizomenonaceae"
"tax1063"	"Halosolutus"
"tax1064"	"Purpureocillium"
"tax1065"	"Thermococcus"
"tax1066"	"Pelagerythrobacter"
"tax1067"	"Spirochaetaceae"
"tax1068"	"Larkinella"
"tax1069"	"Kushneria"
"tax1070"	"Gordonibacter"
"tax1071"	"Saccharomycetaceae"
"tax1072"	"Methylotenera"
"tax1073"	"Diaminobutyricimonas"
"tax1074"	"Bacillales"
"tax1075"	"Hydrogenibacillus"
"tax1076"	"Rugosibacter"
"tax1077"	"Phnomibacter"
"tax1078"	"Fuerstiella"
"tax1079"	"Parabacteroides"
"tax1080"	"Chloroflexaceae"
"tax1081"	"Chloroflexus"
"tax1082"	"Brenneria"
"tax1083"	"Nitrotoga"
"tax1084"	"Moorellaceae"
"tax1085"	"Natronoarchaeaceae"
"tax1086"	"Halothiobacillaceae"
"tax1087"	"Halothiobacillus"
"tax1088"	"Ponticoccus"
"tax1089"	"Salinigranum"
"tax1090"	"Antarcticibacterium"
"tax1091"	"Paeniglutamicibacter"
"tax1092"	"Bradymonas"
"tax1093"	"Acidothermaceae"
"tax1094"	"Acidothermus"
"tax1095"	"Mameliella"
"tax1096"	"Saccharospirillaceae"
"tax1097"	"Prosthecochloris"
"tax1098"	"Roseobacter"
"tax1099"	"Rhodocytophaga"
"tax1100"	"Natrarchaeobaculum"
"tax1101"	"Pukyongiella"
"tax1102"	"Desulfococcaceae"
"tax1103"	"Octadecabacter"
"tax1104"	"Parasphingorhabdus"
"tax1105"	"Alteromonas"
"tax1106"	"Ustilaginaceae"
"tax1107"	"Rahnella"
"tax1108"	"Thermothelomyces"
"tax1109"	"Tellurirhabdus"
"tax1110"	"Muribaculaceae"
"tax1111"	"Oceanidesulfovibrio"
"tax1112"	"Nitrosotalea"
"tax1113"	"Isoalcanivorax"
"tax1114"	"Mixta"
"tax1115"	"Granulibacter"
"tax1116"	"Bartonella"
"tax1117"	"Bartonellaceae"
"tax1118"	"Cedecea"
"tax1119"	"Sporosarcina"
"tax1120"	"Nitrosococcus"
"tax1121"	"Ketogulonicigenium"
"tax1122"	"Mycosphaerellaceae"
"tax1123"	"Marinithermus"
"tax1124"	"Marivirga"
"tax1125"	"Marivirgaceae"
"tax1126"	"Thermomicrobiaceae"
"tax1127"	"Thermomicrobium"
"tax1128"	"Glaciibacter"
"tax1129"	"Planctopirus"
"tax1130"	"Rubinisphaera"
"tax1131"	"Cardiobacteriaceae"
"tax1132"	"Brevirhabdus"
"tax1133"	"Gallaecimonas"
"tax1134"	"Glaciihabitans"
"tax1135"	"Yimella"
"tax1136"	"Pseudothauera"
"tax1137"	"Paraurantiacibacter"
"tax1138"	"Moorella"
"tax1139"	"Sediminibacterium"
"tax1140"	"Granulosicoccaceae"
"tax1141"	"Halorhabdus"
"tax1142"	"Pluralibacter"
"tax1143"	"Laribacter"
"tax1144"	"Brooklawnia"
"tax1145"	"Rubripirellula"
"tax1146"	"Dinoroseobacter"
"tax1147"	"Kaistella"
"tax1148"	"Pararhodospirillum"
"tax1149"	"Nitrospina"
"tax1150"	"Nitrospinaceae"
"tax1151"	"Adlercreutzia"
"tax1152"	"Agreia"
"tax1153"	"Zobellella"
"tax1154"	"Dermabacter"
"tax1155"	"Oceanimonas"
"tax1156"	"Mycetohabitans"
"tax1157"	"Herminiimonas"
"tax1158"	"Drechmeria"
"tax1159"	"Coleofasciculaceae"
"tax1160"	"Thermochromatium"
"tax1161"	"Filomicrobium"
"tax1162"	"Nonlabens"
"tax1163"	"Parolsenella"
"tax1164"	"Arabiibacter"
"tax1165"	"Eubacteriaceae"
"tax1166"	"Berryella"
"tax1167"	"Pelolinea"
"tax1168"	"Adhaeretor"
"tax1169"	"Tabrizicola"
"tax1170"	"Salinarchaeum"
"tax1171"	"Cerasicoccaceae"
"tax1172"	"Ruficoccus"
"tax1173"	"Cupidesulfovibrio"
"tax1174"	"Salegentibacter"
"tax1175"	"Listeriaceae"
"tax1176"	"Enterococcus"
"tax1177"	"Helicobacteraceae"
"tax1178"	"Spongiibacter"
"tax1179"	"Kiritimatiella"
"tax1180"	"Kiritimatiellaceae"
"tax1181"	"Advenella"
"tax1182"	"Chromohalobacter"
"tax1183"	"Aquisalinus"
"tax1184"	"Crateriforma"
"tax1185"	"Aliiroseovarius"
"tax1186"	"Saccharibacillus"
"tax1187"	"Vitreoscilla"
"tax1188"	"Listeria"
"tax1189"	"Actibacterium"
"tax1190"	"Syntrophobacter"
"tax1191"	"Bythopirellula"
"tax1192"	"Cardiobacterium"
"tax1193"	"Aquimarina"
"tax1194"	"Gephyromycinifex"
"tax1195"	"Desulfocurvibacter"
"tax1196"	"Elizabethkingia"
"tax1197"	"Temperatibacteraceae"
"tax1198"	"Beijerinckia"
"tax1199"	"Solitalea"
"tax1200"	"Cellulophaga"
"tax1201"	"Gymnodinialimonas"
"tax1202"	"Endoriftia"
"tax1203"	"Rhodophyticola"
"tax1204"	"Prolixibacteraceae"
"tax1205"	"Calycomorphotria"
"tax1206"	"Megasphaera"
"tax1207"	"Scytonemataceae"
"tax1208"	"Marinimicrobium"
"tax1209"	"Oceanicola"
"tax1210"	"Helicobacter"
"tax1211"	"Halioglobus"
"tax1212"	"Emcibacteraceae"
"tax1213"	"Moraxella"
"tax1214"	"Ustilaginoidea"
"tax1215"	"Akanthomyces"
"tax1216"	"Cordycipitaceae"
"tax1217"	"Pelobacter"
"tax1218"	"Desulfatiglandaceae"
"tax1219"	"Desulfatiglans"
"tax1220"	"Natronorubrum"
"tax1221"	"Flammeovirgaceae"
"tax1222"	"Limosilactobacillus"
"tax1223"	"Haematobacter"
"tax1224"	"Roseibacterium"
"tax1225"	"Nesterenkonia"
"tax1226"	"Myroides"
"tax1227"	"Psychrobacter"
"tax1228"	"Kosmotogaceae"
"tax1229"	"Dethiosulfovibrionaceae"
"tax1230"	"Lactiplantibacillus"
"tax1231"	"Aquisediminimonas"
"tax1232"	"Halococcus"
"tax1233"	"Pseudopuniceibacterium"
"tax1234"	"Mesobacillus"
"tax1235"	"Varunaivibrio"
"tax1236"	"Gimibacter"
"tax1237"	"Haloarcula"
"tax1238"	"Mycoplasmataceae"
"tax1239"	"Endozoicomonadaceae"
"tax1240"	"Endozoicomonas"
"tax1241"	"Magnetospira"
"tax1242"	"Maricaulis"
"tax1243"	"Dehalogenimonas"
"tax1244"	"Porphyromonadaceae"
"tax1245"	"Porphyromonas"
"tax1246"	"Oxalobacter"
"tax1247"	"Spirochaeta"
"tax1248"	"Sulfurimonadaceae"
"tax1249"	"Aureliella"
"tax1250"	"Salinilacihabitans"
"tax1251"	"Segniliparaceae"
"tax1252"	"Segniliparus"
"tax1253"	"Pacificitalea"
"tax1254"	"Dysgonomonadaceae"
"tax1255"	"Caldichromatium"
"tax1256"	"Falsirhodobacter"
"tax1257"	"Desulfoglaeba"
"tax1258"	"Lactobacillus"
"tax1259"	"Mariniblastus"
"tax1260"	"Formosa"
"tax1261"	"Flavonifractor"
"tax1262"	"Salarchaeum"
"tax1263"	"Blattabacteriaceae"
"tax1264"	"Blattabacterium"
"tax1265"	"Desulfobacteraceae"
"tax1266"	"Chroococcidiopsidaceae"
"tax1267"	"Chroococcidiopsis"
"tax1268"	"Haliscomenobacter"
"tax1269"	"Haliscomenobacteraceae"
"tax1270"	"Allomeiothermus"
"tax1271"	"Kangiella"
"tax1272"	"Kangiellaceae"
"tax1273"	"Yoonia"
"tax1274"	"Salinirubellus"
"tax1275"	"Austwickia"
"tax1276"	"Simiduia"
"tax1277"	"Methylophilus"
"tax1278"	"Methylotuvimicrobium"
"tax1279"	"Marinomonas"
"tax1280"	"Ktedonosporobacter"
"tax1281"	"Ktedonosporobacteraceae"
"tax1282"	"Aquaspirillum"
"tax1283"	"Propionimicrobium"
"tax1284"	"Zunongwangia"
"tax1285"	"Tritonibacter"
"tax1286"	"Kingella"
"tax1287"	"Kluyvera"
"tax1288"	"Halosegnis"
"tax1289"	"Mesotoga"
"tax1290"	"Olivibacter"
"tax1291"	"Algicella"
"tax1292"	"Lysinibacillus"
"tax1293"	"Anaplasmataceae"
"tax1294"	"Enterocloster"
"tax1295"	"Glycocaulis"
"tax1296"	"Sulfuriroseicoccus"
"tax1297"	"Megalodesulfovibrio"
"tax1298"	"Salaquimonas"
"tax1299"	"Nitrosopumilaceae"
"tax1300"	"Roseicitreum"
"tax1301"	"Kyrpidia"
"tax1302"	"Tropicibacter"
"tax1303"	"Kovacikia"
"tax1304"	"Halarchaeum"
"tax1305"	"Gelria"
"tax1306"	"Methylovorus"
"tax1307"	"Sporomusaceae"
"tax1308"	"Pistricoccus"
"tax1309"	"Idiomarinaceae"
"tax1310"	"Arcobacteraceae"
"tax1311"	"Ferriphaselus"
"tax1312"	"Microcoleaceae"
"tax1313"	"Kerstersia"
"tax1314"	"Hoyosella"
"tax1315"	"Hoyosellaceae"
"tax1316"	"Ustilago"
"tax1317"	"Lacticaseibacillus"
"tax1318"	"Scytonema"
"tax1319"	"Desulfofustis"
"tax1320"	"Halolamina"
"tax1321"	"Parvularcula"
"tax1322"	"Parasedimentitalea"
"tax1323"	"Sinirhodobacter"
"tax1324"	"Sedimenticola"
"tax1325"	"Symbiobacter"
"tax1326"	"Methylospira"
"tax1327"	"Phaeomarinobacter"
"tax1328"	"Providencia"
"tax1329"	"Puccinia"
"tax1330"	"Pucciniaceae"
"tax1331"	"Neoasaia"
"tax1332"	"Microcystaceae"
"tax1333"	"Microcystis"
"tax1334"	"Sulfurimonas"
"tax1335"	"Emticicia"
"tax1336"	"Aminithiophilaceae"
"tax1337"	"Aminithiophilus"
"tax1338"	"Thermogutta"
"tax1339"	"Thermoguttaceae"
"tax1340"	"Erysipelotrichaceae"
"tax1341"	"Methylophaga"
"tax1342"	"Natrononativus"
"tax1343"	"Mariluticola"
"tax1344"	"Arcanobacterium"
"tax1345"	"Ascochyta"
"tax1346"	"Didymellaceae"
"tax1347"	"Anaerolinea"
"tax1348"	"Heliobacteriaceae"
"tax1349"	"Desulfococcus"
"tax1350"	"Halalkaliarchaeum"
"tax1351"	"Peptostreptococcaceae"
"tax1352"	"Tateyamaria"
"tax1353"	"Lacinutrix"
"tax1354"	"Thalassomonas"
"tax1355"	"Pontibrevibacter"
"tax1356"	"Thermosynechococcaceae"
"tax1357"	"Thermosynechococcus"
"tax1358"	"Geitlerinema"
"tax1359"	"Thalassococcus"
"tax1360"	"Zhihengliuella"
"tax1361"	"Aestuariispira"
"tax1362"	"Kiloniellaceae"
"tax1363"	"Morganella"
"tax1364"	"Moorena"
"tax1365"	"Aquicella"
"tax1366"	"Maribius"
"tax1367"	"Oculatellaceae"
"tax1368"	"Idiomarina"
"tax1369"	"Loktanella"
"tax1370"	"Peptoniphilaceae"
"tax1371"	"Hydrogenophilaceae"
"tax1372"	"Hydrogenophilus"
"tax1373"	"Permianibacter"
"tax1374"	"Crocinitomicaceae"
"tax1375"	"Antarctobacter"
"tax1376"	"Natronobeatus"
"tax1377"	"Halopiger"
"tax1378"	"Xenorhabdus"
"tax1379"	"Buttiauxella"
"tax1380"	"Aminobacteriaceae"
"tax1381"	"Blautia"
"tax1382"	"Pauljensenia"
"tax1383"	"Hyphococcus"
"tax1384"	"Sulfuriflexus"
"tax1385"	"Halobiforma"
"tax1386"	"Pyramidobacter"
"tax1387"	"Nitrosopumilus"
"tax1388"	"Salidesulfovibrio"
"tax1389"	"Nissabacter"
"tax1390"	"Parafannyhessea"
"tax1391"	"Thermoflavifilum"
"tax1392"	"Nanopelagicaceae"
"tax1393"	"Phocaeicola"
"tax1394"	"Ignavibacteriaceae"
"tax1395"	"Ignavibacterium"
"tax1396"	"Acidaminococcaceae"
"tax1397"	"Heliomicrobium"
"tax1398"	"Saprospiraceae"
"tax1399"	"Hyphobacterium"
"tax1400"	"Desulfurivibrio"
"tax1401"	"Desulforudis"
"tax1402"	"Marivivens"
"tax1403"	"Pseudovibrio"
"tax1404"	"Nanchangia"
"tax1405"	"Neurospora"
"tax1406"	"Sordariaceae"
"tax1407"	"Reidiella"
"tax1408"	"Anseongella"
"tax1409"	"Thermotogaceae"
"tax1410"	"Desulfosudaceae"
"tax1411"	"Desulfosudis"
"tax1412"	"Gallionella"
"tax1413"	"Thermophilibacter"
"tax1414"	"Xylella"
"tax1415"	"Zobellia"
"tax1416"	"Tannerella"
"tax1417"	"Halopenitus"
"tax1418"	"Draconibacterium"
"tax1419"	"Desulfatibacillaceae"
"tax1420"	"Desulfatibacillum"
"tax1421"	"Chlorobium"
"tax1422"	"Raoultibacter"
"tax1423"	"Maliibacteriaceae"
"tax1424"	"Maliibacterium"
"tax1425"	"Peteryoungia"
"tax1426"	"Bipolaricaulis"
"tax1427"	"Cohaesibacter"
"tax1428"	"Cohaesibacteraceae"
"tax1429"	"Rickettsiaceae"
"tax1430"	"Aphanothecaceae"
"tax1431"	"Mycoavidus"
"tax1432"	"Natronoglycomyces"
"tax1433"	"Methylobacillus"
"tax1434"	"Thermodesulfobacteriaceae"
"tax1435"	"Teredinibacter"
"tax1436"	"Phototrophicaceae"
"tax1437"	"Phototrophicus"
"tax1438"	"Thermobaculum"
"tax1439"	"Thiolapillus"
"tax1440"	"Halobacillus"
"tax1441"	"Aristaeella"
"tax1442"	"Aristaeellaceae"
"tax1443"	"Pelodictyon"
"tax1444"	"Rheinheimera"
"tax1445"	"Flammeovirga"
"tax1446"	"Rossellomorea"
"tax1447"	"Abyssibius"
"tax1448"	"Microvenator"
"tax1449"	"Microvenatoraceae"
"tax1450"	"Aquirufa"
"tax1451"	"Parageobacillus"
"tax1452"	"Methanocella"
"tax1453"	"Methanocellaceae"
"tax1454"	"Novacetimonas"
"tax1455"	"Talaromyces"
"tax1456"	"Trichocomaceae"
"tax1457"	"Uruburuella"
"tax1458"	"Desulfolithobacter"
"tax1459"	"Kozakia"
"tax1460"	"Metabacillus"
"tax1461"	"Xiamenia"
"tax1462"	"Eikenella"
"tax1463"	"Cyclobacterium"
"tax1464"	"Leptospirillum"
"tax1465"	"Ferrovaceae"
"tax1466"	"Ferrovum"
"tax1467"	"Silvimonas"
"tax1468"	"Aneurinibacillus"
"tax1469"	"Thalassolituus"
"tax1470"	"Cytobacillus"
"tax1471"	"Pseudochrobactrum"
"tax1472"	"Lachnoclostridium"
"tax1473"	"Lonsdalea"
"tax1474"	"Thalassotalea"
"tax1475"	"Natribaculum"
"tax1476"	"Halanaeroarchaeum"
"tax1477"	"Francisellaceae"
"tax1478"	"Spongiactinospora"
"tax1479"	"Rouxiella"
"tax1480"	"Desulfosporosinus"
"tax1481"	"Aminomonas"
"tax1482"	"Hydrocarboniclastica"
"tax1483"	"Saccharospirillum"
"tax1484"	"Fretibacterium"
"tax1485"	"Desulfonema"
"tax1486"	"Caldithrix"
"tax1487"	"Calditrichaceae"
"tax1488"	"Pseudanabaenaceae"
"tax1489"	"Pseudanabaena"
"tax1490"	"Fusobacteriaceae"
"tax1491"	"Marinilabiliaceae"
"tax1492"	"Virgibacillus"
"tax1493"	"Salinimonas"
"tax1494"	"Carnobacteriaceae"
"tax1495"	"Granulosicoccus"
"tax1496"	"Deefgea"
"tax1497"	"Algibacter"
"tax1498"	"Eubacterium"
"tax1499"	"Heyndrickxia"
"tax1500"	"Vescimonas"
"tax1501"	"Lelliottia"
"tax1502"	"Congregibacter"
"tax1503"	"Methylopumilus"
"tax1504"	"Desulfoluna"
"tax1505"	"Desulfolunaceae"
"tax1506"	"Rickettsia"
"tax1507"	"Reichenbachiella"
"tax1508"	"Reichenbachiellaceae"
"tax1509"	"Thiomicrorhabdus"
"tax1510"	"Halalkalicoccus"
"tax1511"	"Kroppenstedtia"
"tax1512"	"Salinibaculum"
"tax1513"	"Methanobacteriaceae"
"tax1514"	"Sneathiella"
"tax1515"	"Sneathiellaceae"
"tax1516"	"Thermoproteaceae"
"tax1517"	"Curvibacter"
"tax1518"	"Sulfurovaceae"
"tax1519"	"Mariprofundaceae"
"tax1520"	"Mariprofundus"
"tax1521"	"Parachlamydiaceae"
"tax1522"	"Robiginitalea"
"tax1523"	"Qingshengfaniella"
"tax1524"	"Thermodesulfomicrobium"
"tax1525"	"Aquiflexum"
"tax1526"	"Glaciimonas"
"tax1527"	"Tichowtungia"
"tax1528"	"Tichowtungiaceae"
"tax1529"	"Chroococcaceae"
"tax1530"	"Desulfobacter"
"tax1531"	"Thalassovita"
"tax1532"	"Sporisorium"
"tax1533"	"Desulfitobacterium"
"tax1534"	"Hypocreaceae"
"tax1535"	"Trichoderma"
"tax1536"	"Anaerohalosphaera"
"tax1537"	"Anaerohalosphaeraceae"
"tax1538"	"Ethanoligenens"
"tax1539"	"Sedimentisphaeraceae"
"tax1540"	"Nanosynbacter"
"tax1541"	"Nanosynbacteraceae"
"tax1542"	"Francisella"
"tax1543"	"Thermoleptolyngbya"
"tax1544"	"Roseinatronobacter"
"tax1545"	"Anoxybacillus"
"tax1546"	"Thalassoglobus"
"tax1547"	"Polystyrenella"
"tax1548"	"Ruminococcus"
"tax1549"	"Turneriella"
"tax1550"	"Chimaeribacter"
"tax1551"	"Haemophilus"
"tax1552"	"Levilactobacillus"
"tax1553"	"Hydrogenimonadaceae"
"tax1554"	"Hydrogenimonas"
"tax1555"	"Fusobacterium"
"tax1556"	"Tolypothrichaceae"
"tax1557"	"Tolypothrix"
"tax1558"	"Malassezia"
"tax1559"	"Malasseziaceae"
"tax1560"	"Planktophila"
"tax1561"	"Intestinimonas"
"tax1562"	"Siccibacter"
"tax1563"	"Buchnera"
"tax1564"	"Ruthenibacterium"
"tax1565"	"Cloacibacillus"
"tax1566"	"Breznakiellaceae"
"tax1567"	"Thermanaerovibrio"
"tax1568"	"Pochonia"
"tax1569"	"Staphylospora"
"tax1570"	"Cyclonatronaceae"
"tax1571"	"Cyclonatronum"
"tax1572"	"Barnesiellaceae"
"tax1573"	"Xiphinematobacter"
"tax1574"	"Hungatella"
"tax1575"	"Micavibrio"
"tax1576"	"Syntrophomonadaceae"
"tax1577"	"Schleiferiaceae"
"tax1578"	"Methanoregulaceae"
"tax1579"	"Colwellia"
"tax1580"	"Eubacteriales"
"tax1581"	"Slackia"
"tax1582"	"Halococcoides"
"tax1583"	"Profundibacter"
"tax1584"	"Fluviicola"
"tax1585"	"Dysosmobacter"
"tax1586"	"Chitinibacter"
"tax1587"	"Acetobacterium"
"tax1588"	"Gibbsiella"
"tax1589"	"Luteithermobacter"
"tax1590"	"Thiomicrospira"
"tax1591"	"Desulfomonilaceae"
"tax1592"	"Desulfomonile"
"tax1593"	"Duodenibacillus"
"tax1594"	"Chrysiogenaceae"
"tax1595"	"Desulfurispirillum"
"tax1596"	"Coriobacterium"
"tax1597"	"Thermotoga"
"tax1598"	"Rhodobaca"
"tax1599"	"Chthonomonadaceae"
"tax1600"	"Chthonomonas"
"tax1601"	"Cognatishimia"
"tax1602"	"Trichocoleusaceae"
"tax1603"	"Dehalococcoidaceae"
"tax1604"	"Dehalococcoides"
"tax1605"	"Proteus"
"tax1606"	"Salicibibacter"
"tax1607"	"Paremcibacter"
"tax1608"	"Proteiniphilum"
"tax1609"	"Actinobacillus"
"tax1610"	"Lawsonibacter"
"tax1611"	"Kordia"
"tax1612"	"Zymoseptoria"
"tax1613"	"Fulvia"
"tax1614"	"Lutibacter"
"tax1615"	"Sphaerochaetaceae"
"tax1616"	"Sinomicrobium"
"tax1617"	"Chordicoccus"
"tax1618"	"Prochlorococcus"
"tax1619"	"Methylovulum"
"tax1620"	"Odoribacteraceae"
"tax1621"	"Anabaena"
"tax1622"	"Allocoleopsis"
"tax1623"	"Dokdonia"
"tax1624"	"Desulforamulus"
"tax1625"	"Empedobacter"
"tax1626"	"Halomicronema"
"tax1627"	"Prochlorotrichaceae"
"tax1628"	"Salinivibrio"
"tax1629"	"Nibribacter"
"tax1630"	"Budviciaceae"
"tax1631"	"Anthocerotibacter"
"tax1632"	"Paraglaciecola"
"tax1633"	"Sphaerospermopsis"
"tax1634"	"Arenibacter"
"tax1635"	"Oxynema"
"tax1636"	"Aquiluna"
"tax1637"	"Auritidibacter"
"tax1638"	"Syntrophaceae"
"tax1639"	"Syntrophus"
"tax1640"	"Coraliomargarita"
"tax1641"	"Coraliomargaritaceae"
"tax1642"	"Brevefilum"
"tax1643"	"Nodularia"
"tax1644"	"Flagellimonas"
"tax1645"	"Desulfobacca"
"tax1646"	"Desulfobaccaceae"
"tax1647"	"Asaia"
"tax1648"	"Cercospora"
"tax1649"	"Wolbachia"
"tax1650"	"Acaryochloridaceae"
"tax1651"	"Acaryochloris"
"tax1652"	"Psilocybe"
"tax1653"	"Strophariaceae"
"tax1654"	"Aggregatibacter"
"tax1655"	"Aerococcaceae"
"tax1656"	"Kordiimonadaceae"
"tax1657"	"Kordiimonas"
"tax1658"	"Pseudohongiella"
"tax1659"	"Pseudorhodobacter"
"tax1660"	"Sporomusa"
"tax1661"	"Rhodoluna"
"tax1662"	"Coxiella"
"tax1663"	"Caproiciproducens"
"tax1664"	"Anaerotruncus"
"tax1665"	"Tunicatimonas"
"tax1666"	"Ectothiorhodosinus"
"tax1667"	"Chondrinema"
"tax1668"	"Oceanobacillus"
"tax1669"	"Anaerocolumna"
"tax1670"	"Lactococcus"
"tax1671"	"Brocadiaceae"
"tax1672"	"Kuenenia"
"tax1673"	"Amphritea"
"tax1674"	"Fictibacillus"
"tax1675"	"Fischerella"
"tax1676"	"Hapalosiphonaceae"
"tax1677"	"Ammonifex"
"tax1678"	"Spiroplasma"
"tax1679"	"Spiroplasmataceae"
"tax1680"	"Porifericola"
"tax1681"	"Mycoplasma"
"tax1682"	"Nitratiruptoraceae"
"tax1683"	"Hafnia"
"tax1684"	"Macrococcus"
"tax1685"	"Salinimicrobium"
"tax1686"	"Maribellus"
"tax1687"	"Actinotignum"
"tax1688"	"Leptothermofonsia"
"tax1689"	"Maritalea"
"tax1690"	"Dolichospermum"
"tax1691"	"Aquificaceae"
"tax1692"	"Desulfosediminicola"
"tax1693"	"Duffyella"
"tax1694"	"Duncaniella"
"tax1695"	"Velamenicoccus"
"tax1696"	"Iodobacter"
"tax1697"	"Borreliaceae"
"tax1698"	"Poriferisphaera"
"tax1699"	"Halostagnicola"
"tax1700"	"Natrialba"
"tax1701"	"Thermacetogenium"
"tax1702"	"Leptotrichiaceae"
"tax1703"	"Acidaminococcus"
"tax1704"	"Venatoribacter"
"tax1705"	"Subdoligranulum"
"tax1706"	"Plesiomonas"
"tax1707"	"Ligilactobacillus"
"tax1708"	"Litorivicinaceae"
"tax1709"	"Litorivicinus"
"tax1710"	"Oecophyllibacter"
"tax1711"	"Psychromicrobium"
"tax1712"	"Gilvimarinus"
"tax1713"	"Planktothrix"
"tax1714"	"Oscillibacter"
"tax1715"	"Pelagisphaera"
"tax1716"	"Fluviibacter"
"tax1717"	"Fluviibacteraceae"
"tax1718"	"Paludibacter"
"tax1719"	"Paludibacteraceae"
"tax1720"	"Leeuwenhoekiella"
"tax1721"	"Desulfohalobiaceae"
"tax1722"	"Desulfohalobium"
"tax1723"	"Methylacidiphilaceae"
"tax1724"	"Methylacidiphilum"
"tax1725"	"Epilithonimonas"
"tax1726"	"Aliamphritea"
"tax1727"	"Musicola"
"tax1728"	"Penicillium"
"tax1729"	"Atlantibacter"
"tax1730"	"Sodaliphilus"
"tax1731"	"Limnobacter"
"tax1732"	"Aurantimicrobium"
"tax1733"	"Muribaculum"
"tax1734"	"Botrytis"
"tax1735"	"Sclerotiniaceae"
"tax1736"	"Leptodesmis"
"tax1737"	"Acholeplasmataceae"
"tax1738"	"Mangrovivirga"
"tax1739"	"Mangrovivirgaceae"
"tax1740"	"Seonamhaeicola"
"tax1741"	"Koinonema"
"tax1742"	"Aureispira"
"tax1743"	"Peptoniphilus"
"tax1744"	"Jejubacter"
"tax1745"	"Actinobaculum"
"tax1746"	"Saprospira"
"tax1747"	"Sulfurospirillaceae"
"tax1748"	"Sulfurospirillum"
"tax1749"	"Sphaerochaeta"
"tax1750"	"Cryptococcaceae"
"tax1751"	"Cryptococcus"
"tax1752"	"Abyssalbus"
"tax1753"	"Caldicellulosiruptor"
"tax1754"	"Caldicellulosiruptoraceae"
"tax1755"	"Halocatena"
"tax1756"	"Methyloradius"
"tax1757"	"Pseudopedobacter"
"tax1758"	"Magnetococcaceae"
"tax1759"	"Magnetococcus"
"tax1760"	"Oleidesulfovibrio"
"tax1761"	"Pyrobaculum"
"tax1762"	"Thalassobacter"
"tax1763"	"Natronobacterium"
"tax1764"	"Mannheimia"
"tax1765"	"Chlamydiaceae"
"tax1766"	"Polycladomyces"
"tax1767"	"Alkalimarinus"
"tax1768"	"Mycoplasmopsis"
"tax1769"	"Cloacibacterium"
"tax1770"	"Mycosynbacter"
"tax1771"	"Roseburia"
"tax1772"	"Orbaceae"
"tax1773"	"Debaryomycetaceae"
"tax1774"	"Pseudoclavibacter"
"tax1775"	"Mobiluncus"
"tax1776"	"Halogeometricum"
"tax1777"	"Ketobacter"
"tax1778"	"Sulfolobaceae"
"tax1779"	"Dialister"
"tax1780"	"Methanobacterium"
"tax1781"	"Acididesulfobacillus"
"tax1782"	"Chamaesiphon"
"tax1783"	"Chamaesiphonaceae"
"tax1784"	"Salisediminibacterium"
"tax1785"	"Photorhabdus"
"tax1786"	"Lacimicrobium"
"tax1787"	"Longitalea"
"tax1788"	"Merismopediaceae"
"tax1789"	"Synechocystis"
"tax1790"	"Agarivorans"
"tax1791"	"Tamlana"
"tax1792"	"Psychroserpens"
"tax1793"	"Alkaliflexus"
"tax1794"	"Psychroflexus"
"tax1795"	"Caproicibacter"
"tax1796"	"Persicobacter"
"tax1797"	"Persicobacteraceae"
"tax1798"	"Vallotia"
"tax1799"	"Phascolarctobacterium"
"tax1800"	"Apibacter"
"tax1801"	"Gleimia"
"tax1802"	"Jonquetella"
"tax1803"	"Marinilongibacter"
"tax1804"	"Denitrobacterium"
"tax1805"	"Pichiaceae"
"tax1806"	"Eremothecium"
"tax1807"	"Novibacillus"
"tax1808"	"Desulfallaceae"
"tax1809"	"Desulfoscipio"
"tax1810"	"Grimontia"
"tax1811"	"Sulfidibacterium"
"tax1812"	"Weissella"
"tax1813"	"Sphaerisporangium"
"tax1814"	"Petrimonas"
"tax1815"	"Constantimarinum"
"tax1816"	"Proteiniclasticum"
"tax1817"	"Riemerella"
"tax1818"	"Devriesea"
"tax1819"	"Pseudoglutamicibacter"
"tax1820"	"Flintibacter"
"tax1821"	"Sulfurovum"
"tax1822"	"Caproicibacterium"
"tax1823"	"Belliella"
"tax1824"	"Ornithobacterium"
"tax1825"	"Reinekea"
"tax1826"	"Mongoliitalea"
"tax1827"	"Halotia"
"tax1828"	"Halodesulfurarchaeum"
"tax1829"	"Dermatophilus"
"tax1830"	"Arcobacter"
"tax1831"	"Tatumella"
"tax1832"	"Fervidobacteriaceae"
"tax1833"	"Ewingella"
"tax1834"	"Melioribacter"
"tax1835"	"Melioribacteraceae"
"tax1836"	"Neomicrococcus"
"tax1837"	"Paralysiella"
"tax1838"	"Aquirhabdus"
"tax1839"	"Olleya"
"tax1840"	"Methanomethylovorans"
"tax1841"	"Acutalibacter"
"tax1842"	"Zymobacter"
"tax1843"	"Zhongshania"
"tax1844"	"Butyricimonas"
"tax1845"	"Methanoregula"
"tax1846"	"Protochlamydia"
"tax1847"	"Lacrimispora"
"tax1848"	"Chlamydia"
"tax1849"	"Neptunomonas"
"tax1850"	"Thermosulfurimonas"
"tax1851"	"Bacterioplanes"
"tax1852"	"Chloroherpeton"
"tax1853"	"Chloroherpetonaceae"
"tax1854"	"Halovenus"
"tax1855"	"Limihaloglobus"
"tax1856"	"Hydrogenovibrio"
"tax1857"	"Barnesiella"
"tax1858"	"Salinispirillum"
"tax1859"	"Zymomonadaceae"
"tax1860"	"Zymomonas"
"tax1861"	"Vagococcus"
"tax1862"	"Mesoflavibacter"
"tax1863"	"Muriicola"
"tax1864"	"Alkalitalea"
"tax1865"	"Desulforapulum"
"tax1866"	"Saccharimonadaceae"
"tax1867"	"Saccharimonas"
"tax1868"	"Owenweeksia"
"tax1869"	"Petrotogaceae"
"tax1870"	"Lentibacter"
"tax1871"	"Fibrobacter"
"tax1872"	"Fibrobacteraceae"
"tax1873"	"Neptuniibacter"
"tax1874"	"Haematospirillum"
"tax1875"	"Paramuribaculum"
"tax1876"	"Leuconostoc"
"tax1877"	"Fervidibacter"
"tax1878"	"Metallibacterium"
"tax1879"	"Leptotrichia"
"tax1880"	"Paracrocinitomix"
"tax1881"	"Oceanisphaera"
"tax1882"	"Shouchella"
"tax1883"	"Moritella"
"tax1884"	"Moritellaceae"
"tax1885"	"Paraprevotella"
"tax1886"	"Christensenella"
"tax1887"	"Christensenellaceae"
"tax1888"	"Natranaeroarchaeum"
"tax1889"	"Aegicerativicinus"
"tax1890"	"Sedimentisphaera"
"tax1891"	"Aggregatimonas"
"tax1892"	"Geminocystis"
"tax1893"	"Aminipila"
"tax1894"	"Gynuella"
"tax1895"	"Parasaccharibacter"
"tax1896"	"Maridesulfovibrio"
"tax1897"	"Gilliamella"
"tax1898"	"Leptogranulimonas"
"tax1899"	"Changchengzhania"
"tax1900"	"Mangrovimonas"
"tax1901"	"Amoebophilaceae"
"tax1902"	"Zhouia"
"tax1903"	"Bernardetia"
"tax1904"	"Bernardetiaceae"
"tax1905"	"Geovibrionaceae"
"tax1906"	"Hydrogenothermaceae"
"tax1907"	"Shimwellia"
"tax1908"	"Gloeothece"
"tax1909"	"Nitratifractor"
"tax1910"	"Marvinbryantia"
"tax1911"	"Pasteurella"
"tax1912"	"Sporolactobacillaceae"
"tax1913"	"Aerococcus"
"tax1914"	"Pusillibacter"
"tax1915"	"Pukyongia"
"tax1916"	"Niallia"
"tax1917"	"Labilibaculum"
"tax1918"	"Marinifilaceae"
"tax1919"	"Holosporaceae"
"tax1920"	"Formimonas"
"tax1921"	"Falsihalocynthiibacter"
"tax1922"	"Lentibacillus"
"tax1923"	"Flavivirga"
"tax1924"	"Dongshaea"
"tax1925"	"Leadbetterella"
"tax1926"	"Ceratobasidiaceae"
"tax1927"	"Rhizoctonia"
"tax1928"	"Saccharomyces"
"tax1929"	"Aureibaculum"
"tax1930"	"Symbiopectobacterium"
"tax1931"	"Lutimonas"
"tax1932"	"Trichothermofontia"
"tax1933"	"Changpingibacter"
"tax1934"	"Stomatobaculum"
"tax1935"	"Coprobacillaceae"
"tax1936"	"Trichocoleus"
"tax1937"	"Trabulsiella"
"tax1938"	"Thermocoleostomius"
"tax1939"	"Scandinavium"
"tax1940"	"Schleiferilactobacillus"
"tax1941"	"Sediminicola"
"tax1942"	"Superficieibacter"
"tax1943"	"Euzebyella"
"tax1944"	"Arcticibacterium"
"tax1945"	"Aliarcobacter"
"tax1946"	"Acetivibrio"
"tax1947"	"Allobaculum"
"tax1948"	"Coprobacter"
"tax1949"	"Anaerostipes"
"tax1950"	"Nitrosotenuis"
"tax1951"	"Pelosinus"
"tax1952"	"Atopobium"
"tax1953"	"Breznakiella"
"tax1954"	"Desulfopila"
"tax1955"	"Gillisia"
"tax1956"	"Saccharophagus"
"tax1957"	"Hoylesella"
"tax1958"	"Saliniradius"
"tax1959"	"Ephemeroptericola"
"tax1960"	"Effusibacillus"
"tax1961"	"Uabimicrobiaceae"
"tax1962"	"Uabimicrobium"
"tax1963"	"Yokenella"
"tax1964"	"Galbibacter"
"tax1965"	"Marasmiaceae"
"tax1966"	"Marasmius"
"tax1967"	"Flaviramulus"
"tax1968"	"Methylomusa"
"tax1969"	"Croceimicrobium"
"tax1970"	"Dipodascaceae"
"tax1971"	"Yarrowia"
"tax1972"	"Pelagibacter"
"tax1973"	"Pelagibacteraceae"
"tax1974"	"Renibacterium"
"tax1975"	"Spartinivicinus"
"tax1976"	"Zooshikellaceae"
"tax1977"	"Hyellaceae"
"tax1978"	"Pleurocapsa"
"tax1979"	"Candida"
"tax1980"	"Oleiphilaceae"
"tax1981"	"Oleiphilus"
"tax1982"	"Pseudalgibacter"
"tax1983"	"Parascardovia"
"tax1984"	"Fructilactobacillus"
"tax1985"	"Desulfurococcaceae"
"tax1986"	"Pseudescherichia"
"tax1987"	"Bizionia"
"tax1988"	"Veillonella"
"tax1989"	"Thermoanaerobacterium"
"tax1990"	"Lawsonella"
"tax1991"	"Lawsonellaceae"
"tax1992"	"Anaplasma"
"tax1993"	"Costertonia"
"tax1994"	"Methanosphaerula"
"tax1995"	"Laceyella"
"tax1996"	"Borrelia"
"tax1997"	"Cylindrospermum"
"tax1998"	"Arsenophonus"
"tax1999"	"Jonesia"
"tax2000"	"Jonesiaceae"
